mac,alias,x,y,z
0x682719806462,"",0.25,5.731,2.529
0x049162C914B7,"",0.333,0.34,2.529
0x049162C9501C,"",5.26,0.377,2.529
0x049162C99B1D,"",5.3146,5.7099,2.529
0x049162C8F773,"",9.411,5.684,2.529
0x049162C8FA65,"",9.38698,0.37266,2.529
